p,q,P,Q,aic,bic
0,0,0,0,-7803.474924921291,-7710.222429498461
0,0,0,1,-11585.72486947288,-11484.719154210457
0,0,1,0,-9357.07362340221,-9256.067165091574
0,0,1,1,-12300.30349968138,-12191.528114014156
0,1,0,0,-22264.59209019284,-22163.56929555744
0,1,0,1,-26621.19443974509,-26512.41985432937
0,1,1,0,-24006.243746186865,-23897.46756031387
0,1,1,1,-27025.38673247826,-26908.842533818563
0,2,0,0,-28376.54087324006,-28267.747893602736
0,2,1,0,-30185.622205767257,-30069.07629233191
1,0,0,0,-33687.90786394707,-33586.884327239
1,0,0,1,-37868.74424614689,-37759.96886047966
1,0,1,0,-34982.414077138834,-34873.638691471606
1,0,1,1,-37913.38266226821,-37796.83760619618
1,1,0,0,-34554.93300821581,-34446.13922937769
1,1,0,1,-38845.44206150167,-38728.89786284197
1,1,1,0,-35908.80416078088,-35792.25910470885
1,1,1,1,-38868.03145610374,-38743.717644200064
2,0,0,0,-34478.66641041989,-34369.87263158177
2,0,0,1,-38794.797558722654,-38678.25250265063
